,0,tags_normal,descr_normal,final-1_tag_normal,inverted,tags_inverted,descr_inverted,first_tag_inverted
0,Only Leslie sleeps in that park.,"['B-ARG0', 'I-ARG0', 'B-V', 'B-ARGM-LOC', 'I-ARGM-LOC', 'I-ARGM-LOC', 'O']",[ARG0: Only Leslie] [V: sleeps] [ARGM-LOC: in that park] .,ARGM-LOC,"In that park, only Leslie sleeps.","['B-ARGM-LOC', 'I-ARGM-LOC', 'I-ARGM-LOC', 'O', 'B-ARG0', 'I-ARG0', 'B-V', 'O']","[ARGM-LOC: In that park] , [ARG0: only Leslie] [V: sleeps] .",ARGM-LOC
1,Only Ben sleeps in that bed.,"['B-ARG0', 'I-ARG0', 'B-V', 'B-ARGM-LOC', 'I-ARGM-LOC', 'I-ARGM-LOC', 'O']",[ARG0: Only Ben] [V: sleeps] [ARGM-LOC: in that bed] .,ARGM-LOC,"In that bed, only Ben sleeps.","['B-ARGM-LOC', 'I-ARGM-LOC', 'I-ARGM-LOC', 'O', 'B-ARG0', 'I-ARG0', 'B-V', 'O']","[ARGM-LOC: In that bed] , [ARG0: only Ben] [V: sleeps] .",ARGM-LOC
2,Only Lucy sleeps in that bed.,"['B-ARG0', 'I-ARG0', 'B-V', 'B-ARGM-LOC', 'I-ARGM-LOC', 'I-ARGM-LOC', 'O']",[ARG0: Only Lucy] [V: sleeps] [ARGM-LOC: in that bed] .,ARGM-LOC,"In that bed, only Lucy sleeps.","['B-ARGM-LOC', 'I-ARGM-LOC', 'I-ARGM-LOC', 'O', 'B-ARG0', 'I-ARG0', 'B-V', 'O']","[ARGM-LOC: In that bed] , [ARG0: only Lucy] [V: sleeps] .",ARGM-LOC
3,Only Jim sleeps in that tent.,"['B-ARG0', 'I-ARG0', 'B-V', 'B-ARGM-LOC', 'I-ARGM-LOC', 'I-ARGM-LOC', 'O']",[ARG0: Only Jim] [V: sleeps] [ARGM-LOC: in that tent] .,ARGM-LOC,"In that tent, only Jim sleeps.","['B-ARGM-LOC', 'I-ARGM-LOC', 'I-ARGM-LOC', 'O', 'B-ARG0', 'I-ARG0', 'B-V', 'O']","[ARGM-LOC: In that tent] , [ARG0: only Jim] [V: sleeps] .",ARGM-LOC
4,Only Joseph sleeps in that hut.,"['B-ARG0', 'I-ARG0', 'B-V', 'B-ARGM-LOC', 'I-ARGM-LOC', 'I-ARGM-LOC', 'O']",[ARG0: Only Joseph] [V: sleeps] [ARGM-LOC: in that hut] .,ARGM-LOC,"In that hut, only Joseph sleeps.","['B-ARGM-LOC', 'I-ARGM-LOC', 'I-ARGM-LOC', 'O', 'B-ARG0', 'I-ARG0', 'B-V', 'O']","[ARGM-LOC: In that hut] , [ARG0: only Joseph] [V: sleeps] .",ARGM-LOC
5,Only Laura sleeps in that park.,"['B-ARG0', 'I-ARG0', 'B-V', 'B-ARGM-LOC', 'I-ARGM-LOC', 'I-ARGM-LOC', 'O']",[ARG0: Only Laura] [V: sleeps] [ARGM-LOC: in that park] .,ARGM-LOC,"In that park, only Laura sleeps.","['B-ARGM-LOC', 'I-ARGM-LOC', 'I-ARGM-LOC', 'O', 'B-ARG0', 'I-ARG0', 'B-V', 'O']","[ARGM-LOC: In that park] , [ARG0: only Laura] [V: sleeps] .",ARGM-LOC
6,Only Adam sleeps in that bed.,"['B-ARG0', 'I-ARG0', 'B-V', 'B-ARGM-LOC', 'I-ARGM-LOC', 'I-ARGM-LOC', 'O']",[ARG0: Only Adam] [V: sleeps] [ARGM-LOC: in that bed] .,ARGM-LOC,"In that bed, only Adam sleeps.","['B-ARGM-LOC', 'I-ARGM-LOC', 'I-ARGM-LOC', 'O', 'B-ARG0', 'I-ARG0', 'B-V', 'O']","[ARGM-LOC: In that bed] , [ARG0: only Adam] [V: sleeps] .",ARGM-LOC
7,Only Martin sleeps in that hut.,"['B-ARG0', 'I-ARG0', 'B-V', 'B-ARGM-LOC', 'I-ARGM-LOC', 'I-ARGM-LOC', 'O']",[ARG0: Only Martin] [V: sleeps] [ARGM-LOC: in that hut] .,ARGM-LOC,"In that hut, only Martin sleeps.","['B-ARGM-LOC', 'I-ARGM-LOC', 'I-ARGM-LOC', 'O', 'B-ARG0', 'I-ARG0', 'B-V', 'O']","[ARGM-LOC: In that hut] , [ARG0: only Martin] [V: sleeps] .",ARGM-LOC
8,Only Matt sleeps in that park.,"['B-ARG0', 'I-ARG0', 'B-V', 'B-ARGM-LOC', 'I-ARGM-LOC', 'I-ARGM-LOC', 'O']",[ARG0: Only Matt] [V: sleeps] [ARGM-LOC: in that park] .,ARGM-LOC,"In that park, only Matt sleeps.","['B-ARGM-LOC', 'I-ARGM-LOC', 'I-ARGM-LOC', 'O', 'B-ARG0', 'I-ARG0', 'B-V', 'O']","[ARGM-LOC: In that park] , [ARG0: only Matt] [V: sleeps] .",ARGM-LOC
9,Only Julia sleeps in that park.,"['B-ARG0', 'I-ARG0', 'B-V', 'B-ARGM-LOC', 'I-ARGM-LOC', 'I-ARGM-LOC', 'O']",[ARG0: Only Julia] [V: sleeps] [ARGM-LOC: in that park] .,ARGM-LOC,"In that park, only Julia sleeps.","['B-ARGM-LOC', 'I-ARGM-LOC', 'I-ARGM-LOC', 'O', 'B-ARG0', 'I-ARG0', 'B-V', 'O']","[ARGM-LOC: In that park] , [ARG0: only Julia] [V: sleeps] .",ARGM-LOC
10,Only Carol sleeps in that cage.,"['B-ARG0', 'I-ARG0', 'B-V', 'B-ARGM-LOC', 'I-ARGM-LOC', 'I-ARGM-LOC', 'O']",[ARG0: Only Carol] [V: sleeps] [ARGM-LOC: in that cage] .,ARGM-LOC,"In that cage, only Carol sleeps.","['B-ARGM-LOC', 'I-ARGM-LOC', 'I-ARGM-LOC', 'O', 'B-ARG0', 'I-ARG0', 'B-V', 'O']","[ARGM-LOC: In that cage] , [ARG0: only Carol] [V: sleeps] .",ARGM-LOC
11,Only Arthur sleeps in that cage.,"['B-ARG0', 'I-ARG0', 'B-V', 'B-ARGM-LOC', 'I-ARGM-LOC', 'I-ARGM-LOC', 'O']",[ARG0: Only Arthur] [V: sleeps] [ARGM-LOC: in that cage] .,ARGM-LOC,"In that cage, only Arthur sleeps.","['B-ARGM-LOC', 'I-ARGM-LOC', 'I-ARGM-LOC', 'O', 'B-ARG0', 'I-ARG0', 'B-V', 'O']","[ARGM-LOC: In that cage] , [ARG0: only Arthur] [V: sleeps] .",ARGM-LOC
12,Only Florence sleeps in that hut.,"['B-ARG0', 'I-ARG0', 'B-V', 'B-ARGM-LOC', 'I-ARGM-LOC', 'I-ARGM-LOC', 'O']",[ARG0: Only Florence] [V: sleeps] [ARGM-LOC: in that hut] .,ARGM-LOC,"In that hut, only Florence sleeps.","['B-ARGM-LOC', 'I-ARGM-LOC', 'I-ARGM-LOC', 'O', 'B-ARG0', 'I-ARG0', 'B-V', 'O']","[ARGM-LOC: In that hut] , [ARG0: only Florence] [V: sleeps] .",ARGM-LOC
13,Only Eric sleeps in that tent.,"['B-ARG0', 'I-ARG0', 'B-V', 'B-ARGM-LOC', 'I-ARGM-LOC', 'I-ARGM-LOC', 'O']",[ARG0: Only Eric] [V: sleeps] [ARGM-LOC: in that tent] .,ARGM-LOC,"In that tent, only Eric sleeps.","['B-ARGM-LOC', 'I-ARGM-LOC', 'I-ARGM-LOC', 'O', 'B-ARGM-ADJ', 'B-ARG0', 'B-V', 'O']","[ARGM-LOC: In that tent] , [ARGM-ADJ: only] [ARG0: Eric] [V: sleeps] .",ARGM-LOC
14,Only Bruce sleeps in that cage.,"['B-ARG0', 'I-ARG0', 'B-V', 'B-ARGM-LOC', 'I-ARGM-LOC', 'I-ARGM-LOC', 'O']",[ARG0: Only Bruce] [V: sleeps] [ARGM-LOC: in that cage] .,ARGM-LOC,"In that cage, only Bruce sleeps.","['B-ARGM-LOC', 'I-ARGM-LOC', 'I-ARGM-LOC', 'O', 'B-ARG0', 'I-ARG0', 'B-V', 'O']","[ARGM-LOC: In that cage] , [ARG0: only Bruce] [V: sleeps] .",ARGM-LOC
15,Only Rachel sleeps in that cage.,"['B-ARG0', 'I-ARG0', 'B-V', 'B-ARGM-LOC', 'I-ARGM-LOC', 'I-ARGM-LOC', 'O']",[ARG0: Only Rachel] [V: sleeps] [ARGM-LOC: in that cage] .,ARGM-LOC,"In that cage, only Rachel sleeps.","['B-ARGM-LOC', 'I-ARGM-LOC', 'I-ARGM-LOC', 'O', 'B-ARG0', 'I-ARG0', 'B-V', 'O']","[ARGM-LOC: In that cage] , [ARG0: only Rachel] [V: sleeps] .",ARGM-LOC
16,Only Chris sleeps in that tent.,"['B-ARG0', 'I-ARG0', 'B-V', 'B-ARGM-LOC', 'I-ARGM-LOC', 'I-ARGM-LOC', 'O']",[ARG0: Only Chris] [V: sleeps] [ARGM-LOC: in that tent] .,ARGM-LOC,"In that tent, only Chris sleeps.","['B-ARGM-LOC', 'I-ARGM-LOC', 'I-ARGM-LOC', 'O', 'B-ARG0', 'I-ARG0', 'B-V', 'O']","[ARGM-LOC: In that tent] , [ARG0: only Chris] [V: sleeps] .",ARGM-LOC
17,Only Carol sleeps in that tent.,"['B-ARG0', 'I-ARG0', 'B-V', 'B-ARGM-LOC', 'I-ARGM-LOC', 'I-ARGM-LOC', 'O']",[ARG0: Only Carol] [V: sleeps] [ARGM-LOC: in that tent] .,ARGM-LOC,"In that tent, only Carol sleeps.","['B-ARGM-LOC', 'I-ARGM-LOC', 'I-ARGM-LOC', 'O', 'B-ARG0', 'I-ARG0', 'B-V', 'O']","[ARGM-LOC: In that tent] , [ARG0: only Carol] [V: sleeps] .",ARGM-LOC
18,Only Richard sleeps in that park.,"['B-ARG0', 'I-ARG0', 'B-V', 'B-ARGM-LOC', 'I-ARGM-LOC', 'I-ARGM-LOC', 'O']",[ARG0: Only Richard] [V: sleeps] [ARGM-LOC: in that park] .,ARGM-LOC,"In that park, only Richard sleeps.","['B-ARGM-LOC', 'I-ARGM-LOC', 'I-ARGM-LOC', 'O', 'B-ARG0', 'I-ARG0', 'B-V', 'O']","[ARGM-LOC: In that park] , [ARG0: only Richard] [V: sleeps] .",ARGM-LOC
19,Only Anthony sleeps in that park.,"['O', 'B-ARG0', 'B-V', 'B-ARGM-LOC', 'I-ARGM-LOC', 'I-ARGM-LOC', 'O']",Only [ARG0: Anthony] [V: sleeps] [ARGM-LOC: in that park] .,ARGM-LOC,"In that park, only Anthony sleeps.","['B-ARGM-LOC', 'I-ARGM-LOC', 'I-ARGM-LOC', 'O', 'B-ARGM-ADV', 'B-ARG0', 'B-V', 'O']","[ARGM-LOC: In that park] , [ARGM-ADV: only] [ARG0: Anthony] [V: sleeps] .",ARGM-LOC
20,Only Marilyn sleeps in that park.,"['B-ARG0', 'I-ARG0', 'B-V', 'B-ARGM-LOC', 'I-ARGM-LOC', 'I-ARGM-LOC', 'O']",[ARG0: Only Marilyn] [V: sleeps] [ARGM-LOC: in that park] .,ARGM-LOC,"In that park, only Marilyn sleeps.","['B-ARGM-LOC', 'I-ARGM-LOC', 'I-ARGM-LOC', 'O', 'B-ARG0', 'I-ARG0', 'B-V', 'O']","[ARGM-LOC: In that park] , [ARG0: only Marilyn] [V: sleeps] .",ARGM-LOC
21,Only Elizabeth sleeps in that bed.,"['B-ARG0', 'I-ARG0', 'B-V', 'B-ARGM-LOC', 'I-ARGM-LOC', 'I-ARGM-LOC', 'O']",[ARG0: Only Elizabeth] [V: sleeps] [ARGM-LOC: in that bed] .,ARGM-LOC,"In that bed, only Elizabeth sleeps.","['B-ARGM-LOC', 'I-ARGM-LOC', 'I-ARGM-LOC', 'O', 'B-ARGM-ADJ', 'B-ARG0', 'B-V', 'O']","[ARGM-LOC: In that bed] , [ARGM-ADJ: only] [ARG0: Elizabeth] [V: sleeps] .",ARGM-LOC
22,Only Anna sleeps in that hut.,"['B-ARG0', 'I-ARG0', 'B-V', 'B-ARGM-LOC', 'I-ARGM-LOC', 'I-ARGM-LOC', 'O']",[ARG0: Only Anna] [V: sleeps] [ARGM-LOC: in that hut] .,ARGM-LOC,"In that hut, only Anna sleeps.","['B-ARGM-LOC', 'I-ARGM-LOC', 'I-ARGM-LOC', 'O', 'B-ARG0', 'I-ARG0', 'B-V', 'O']","[ARGM-LOC: In that hut] , [ARG0: only Anna] [V: sleeps] .",ARGM-LOC
23,Only Joseph sleeps in that park.,"['B-ARG0', 'I-ARG0', 'B-V', 'B-ARGM-LOC', 'I-ARGM-LOC', 'I-ARGM-LOC', 'O']",[ARG0: Only Joseph] [V: sleeps] [ARGM-LOC: in that park] .,ARGM-LOC,"In that park, only Joseph sleeps.","['B-ARGM-LOC', 'I-ARGM-LOC', 'I-ARGM-LOC', 'O', 'B-ARG0', 'I-ARG0', 'B-V', 'O']","[ARGM-LOC: In that park] , [ARG0: only Joseph] [V: sleeps] .",ARGM-LOC
24,Only Kenneth sleeps in that bed.,"['B-ARG0', 'I-ARG0', 'B-V', 'B-ARGM-LOC', 'I-ARGM-LOC', 'I-ARGM-LOC', 'O']",[ARG0: Only Kenneth] [V: sleeps] [ARGM-LOC: in that bed] .,ARGM-LOC,"In that bed, only Kenneth sleeps.","['B-ARGM-LOC', 'I-ARGM-LOC', 'I-ARGM-LOC', 'O', 'B-ARGM-ADJ', 'B-ARG0', 'B-V', 'O']","[ARGM-LOC: In that bed] , [ARGM-ADJ: only] [ARG0: Kenneth] [V: sleeps] .",ARGM-LOC
25,Only Jerry sleeps in that bed.,"['B-ARG0', 'I-ARG0', 'B-V', 'B-ARGM-LOC', 'I-ARGM-LOC', 'I-ARGM-LOC', 'O']",[ARG0: Only Jerry] [V: sleeps] [ARGM-LOC: in that bed] .,ARGM-LOC,"In that bed, only Jerry sleeps.","['B-ARGM-LOC', 'I-ARGM-LOC', 'I-ARGM-LOC', 'O', 'B-ARGM-ADV', 'B-ARGM-EXT', 'B-V', 'O']","[ARGM-LOC: In that bed] , [ARGM-ADV: only] [ARGM-EXT: Jerry] [V: sleeps] .",ARGM-LOC
26,Only Ray sleeps in that bed.,"['B-ARG0', 'I-ARG0', 'B-V', 'B-ARGM-LOC', 'I-ARGM-LOC', 'I-ARGM-LOC', 'O']",[ARG0: Only Ray] [V: sleeps] [ARGM-LOC: in that bed] .,ARGM-LOC,"In that bed, only Ray sleeps.","['B-ARGM-LOC', 'I-ARGM-LOC', 'I-ARGM-LOC', 'O', 'B-ARG0', 'I-ARG0', 'B-V', 'O']","[ARGM-LOC: In that bed] , [ARG0: only Ray] [V: sleeps] .",ARGM-LOC
27,Only Dick sleeps in that bed.,"['B-ARG0', 'I-ARG0', 'B-V', 'B-ARGM-LOC', 'I-ARGM-LOC', 'I-ARGM-LOC', 'O']",[ARG0: Only Dick] [V: sleeps] [ARGM-LOC: in that bed] .,ARGM-LOC,"In that bed, only Dick sleeps.","['B-ARGM-LOC', 'I-ARGM-LOC', 'I-ARGM-LOC', 'O', 'B-ARG0', 'I-ARG0', 'B-V', 'O']","[ARGM-LOC: In that bed] , [ARG0: only Dick] [V: sleeps] .",ARGM-LOC
28,Only Sophie sleeps in that park.,"['O', 'B-ARGM-MNR', 'B-V', 'B-ARGM-LOC', 'I-ARGM-LOC', 'I-ARGM-LOC', 'O']",Only [ARGM-MNR: Sophie] [V: sleeps] [ARGM-LOC: in that park] .,ARGM-LOC,"In that park, only Sophie sleeps.","['B-ARGM-LOC', 'I-ARGM-LOC', 'I-ARGM-LOC', 'O', 'B-ARGM-ADV', 'B-ARGM-MNR', 'B-V', 'O']","[ARGM-LOC: In that park] , [ARGM-ADV: only] [ARGM-MNR: Sophie] [V: sleeps] .",ARGM-LOC
29,Only Steven sleeps in that park.,"['B-ARG0', 'I-ARG0', 'B-V', 'B-ARGM-LOC', 'I-ARGM-LOC', 'I-ARGM-LOC', 'O']",[ARG0: Only Steven] [V: sleeps] [ARGM-LOC: in that park] .,ARGM-LOC,"In that park, only Steven sleeps.","['B-ARGM-LOC', 'I-ARGM-LOC', 'I-ARGM-LOC', 'O', 'B-ARG0', 'I-ARG0', 'B-V', 'O']","[ARGM-LOC: In that park] , [ARG0: only Steven] [V: sleeps] .",ARGM-LOC
30,Only Dan sleeps in that cage.,"['B-ARG0', 'I-ARG0', 'B-V', 'B-ARGM-LOC', 'I-ARGM-LOC', 'I-ARGM-LOC', 'O']",[ARG0: Only Dan] [V: sleeps] [ARGM-LOC: in that cage] .,ARGM-LOC,"In that cage, only Dan sleeps.","['B-ARGM-LOC', 'I-ARGM-LOC', 'I-ARGM-LOC', 'O', 'B-ARG0', 'I-ARG0', 'B-V', 'O']","[ARGM-LOC: In that cage] , [ARG0: only Dan] [V: sleeps] .",ARGM-LOC
31,Only Hugh sleeps in that hut.,"['B-ARG0', 'I-ARG0', 'B-V', 'B-ARGM-LOC', 'I-ARGM-LOC', 'I-ARGM-LOC', 'O']",[ARG0: Only Hugh] [V: sleeps] [ARGM-LOC: in that hut] .,ARGM-LOC,"In that hut, only Hugh sleeps.","['B-ARGM-LOC', 'I-ARGM-LOC', 'I-ARGM-LOC', 'O', 'B-ARG0', 'I-ARG0', 'B-V', 'O']","[ARGM-LOC: In that hut] , [ARG0: only Hugh] [V: sleeps] .",ARGM-LOC
32,Only Martin sleeps in that hut.,"['B-ARG0', 'I-ARG0', 'B-V', 'B-ARGM-LOC', 'I-ARGM-LOC', 'I-ARGM-LOC', 'O']",[ARG0: Only Martin] [V: sleeps] [ARGM-LOC: in that hut] .,ARGM-LOC,"In that hut, only Martin sleeps.","['B-ARGM-LOC', 'I-ARGM-LOC', 'I-ARGM-LOC', 'O', 'B-ARG0', 'I-ARG0', 'B-V', 'O']","[ARGM-LOC: In that hut] , [ARG0: only Martin] [V: sleeps] .",ARGM-LOC
33,Only Charlotte sleeps in that cage.,"['B-ARG0', 'I-ARG0', 'B-V', 'B-ARGM-LOC', 'I-ARGM-LOC', 'I-ARGM-LOC', 'O']",[ARG0: Only Charlotte] [V: sleeps] [ARGM-LOC: in that cage] .,ARGM-LOC,"In that cage, only Charlotte sleeps.","['B-ARGM-LOC', 'I-ARGM-LOC', 'I-ARGM-LOC', 'O', 'B-ARG0', 'I-ARG0', 'B-V', 'O']","[ARGM-LOC: In that cage] , [ARG0: only Charlotte] [V: sleeps] .",ARGM-LOC
34,Only Johnny sleeps in that cage.,"['B-ARG0', 'I-ARG0', 'B-V', 'B-ARGM-LOC', 'I-ARGM-LOC', 'I-ARGM-LOC', 'O']",[ARG0: Only Johnny] [V: sleeps] [ARGM-LOC: in that cage] .,ARGM-LOC,"In that cage, only Johnny sleeps.","['B-ARGM-LOC', 'I-ARGM-LOC', 'I-ARGM-LOC', 'O', 'B-ARG0', 'I-ARG0', 'B-V', 'O']","[ARGM-LOC: In that cage] , [ARG0: only Johnny] [V: sleeps] .",ARGM-LOC
35,Only Benjamin sleeps in that bed.,"['B-ARG0', 'I-ARG0', 'B-V', 'B-ARGM-LOC', 'I-ARGM-LOC', 'I-ARGM-LOC', 'O']",[ARG0: Only Benjamin] [V: sleeps] [ARGM-LOC: in that bed] .,ARGM-LOC,"In that bed, only Benjamin sleeps.","['B-ARGM-LOC', 'I-ARGM-LOC', 'I-ARGM-LOC', 'O', 'B-ARG0', 'I-ARG0', 'B-V', 'O']","[ARGM-LOC: In that bed] , [ARG0: only Benjamin] [V: sleeps] .",ARGM-LOC
36,Only Christine sleeps in that park.,"['B-ARG0', 'I-ARG0', 'B-V', 'B-ARGM-LOC', 'I-ARGM-LOC', 'I-ARGM-LOC', 'O']",[ARG0: Only Christine] [V: sleeps] [ARGM-LOC: in that park] .,ARGM-LOC,"In that park, only Christine sleeps.","['B-ARGM-LOC', 'I-ARGM-LOC', 'I-ARGM-LOC', 'O', 'B-ARG0', 'I-ARG0', 'B-V', 'O']","[ARGM-LOC: In that park] , [ARG0: only Christine] [V: sleeps] .",ARGM-LOC
37,Only Roger sleeps in that cage.,"['B-ARG0', 'I-ARG0', 'B-V', 'B-ARGM-LOC', 'I-ARGM-LOC', 'I-ARGM-LOC', 'O']",[ARG0: Only Roger] [V: sleeps] [ARGM-LOC: in that cage] .,ARGM-LOC,"In that cage, only Roger sleeps.","['B-ARGM-LOC', 'I-ARGM-LOC', 'I-ARGM-LOC', 'O', 'B-ARG0', 'I-ARG0', 'B-V', 'O']","[ARGM-LOC: In that cage] , [ARG0: only Roger] [V: sleeps] .",ARGM-LOC
38,Only Adam sleeps in that park.,"['B-ARG0', 'I-ARG0', 'B-V', 'B-ARGM-LOC', 'I-ARGM-LOC', 'I-ARGM-LOC', 'O']",[ARG0: Only Adam] [V: sleeps] [ARGM-LOC: in that park] .,ARGM-LOC,"In that park, only Adam sleeps.","['B-ARGM-LOC', 'I-ARGM-LOC', 'I-ARGM-LOC', 'O', 'B-ARG0', 'I-ARG0', 'B-V', 'O']","[ARGM-LOC: In that park] , [ARG0: only Adam] [V: sleeps] .",ARGM-LOC
39,Only Joe sleeps in that bed.,"['B-ARG0', 'I-ARG0', 'B-V', 'B-ARGM-LOC', 'I-ARGM-LOC', 'I-ARGM-LOC', 'O']",[ARG0: Only Joe] [V: sleeps] [ARGM-LOC: in that bed] .,ARGM-LOC,"In that bed, only Joe sleeps.","['B-ARGM-LOC', 'I-ARGM-LOC', 'I-ARGM-LOC', 'O', 'B-ARG0', 'I-ARG0', 'B-V', 'O']","[ARGM-LOC: In that bed] , [ARG0: only Joe] [V: sleeps] .",ARGM-LOC
40,Only Simon sleeps in that bed.,"['B-ARG0', 'I-ARG0', 'B-V', 'B-ARGM-LOC', 'I-ARGM-LOC', 'I-ARGM-LOC', 'O']",[ARG0: Only Simon] [V: sleeps] [ARGM-LOC: in that bed] .,ARGM-LOC,"In that bed, only Simon sleeps.","['B-ARGM-LOC', 'I-ARGM-LOC', 'I-ARGM-LOC', 'O', 'B-ARG0', 'I-ARG0', 'B-V', 'O']","[ARGM-LOC: In that bed] , [ARG0: only Simon] [V: sleeps] .",ARGM-LOC
41,Only Jimmy sleeps in that cage.,"['B-ARG0', 'I-ARG0', 'B-V', 'B-ARGM-LOC', 'I-ARGM-LOC', 'I-ARGM-LOC', 'O']",[ARG0: Only Jimmy] [V: sleeps] [ARGM-LOC: in that cage] .,ARGM-LOC,"In that cage, only Jimmy sleeps.","['B-ARGM-LOC', 'I-ARGM-LOC', 'I-ARGM-LOC', 'O', 'B-ARG0', 'I-ARG0', 'B-V', 'O']","[ARGM-LOC: In that cage] , [ARG0: only Jimmy] [V: sleeps] .",ARGM-LOC
42,Only Larry sleeps in that bed.,"['B-ARG0', 'I-ARG0', 'B-V', 'B-ARGM-LOC', 'I-ARGM-LOC', 'I-ARGM-LOC', 'O']",[ARG0: Only Larry] [V: sleeps] [ARGM-LOC: in that bed] .,ARGM-LOC,"In that bed, only Larry sleeps.","['B-ARGM-LOC', 'I-ARGM-LOC', 'I-ARGM-LOC', 'O', 'B-ARG0', 'I-ARG0', 'B-V', 'O']","[ARGM-LOC: In that bed] , [ARG0: only Larry] [V: sleeps] .",ARGM-LOC
43,Only Daniel sleeps in that cage.,"['B-ARG0', 'I-ARG0', 'B-V', 'B-ARGM-LOC', 'I-ARGM-LOC', 'I-ARGM-LOC', 'O']",[ARG0: Only Daniel] [V: sleeps] [ARGM-LOC: in that cage] .,ARGM-LOC,"In that cage, only Daniel sleeps.","['B-ARGM-LOC', 'I-ARGM-LOC', 'I-ARGM-LOC', 'O', 'B-ARG0', 'I-ARG0', 'B-V', 'O']","[ARGM-LOC: In that cage] , [ARG0: only Daniel] [V: sleeps] .",ARGM-LOC
44,Only Ian sleeps in that cage.,"['B-ARG0', 'I-ARG0', 'B-V', 'B-ARGM-LOC', 'I-ARGM-LOC', 'I-ARGM-LOC', 'O']",[ARG0: Only Ian] [V: sleeps] [ARGM-LOC: in that cage] .,ARGM-LOC,"In that cage, only Ian sleeps.","['B-ARGM-LOC', 'I-ARGM-LOC', 'I-ARGM-LOC', 'O', 'B-ARG0', 'I-ARG0', 'B-V', 'O']","[ARGM-LOC: In that cage] , [ARG0: only Ian] [V: sleeps] .",ARGM-LOC
45,Only Kenneth sleeps in that hut.,"['B-ARG0', 'I-ARG0', 'B-V', 'B-ARGM-LOC', 'I-ARGM-LOC', 'I-ARGM-LOC', 'O']",[ARG0: Only Kenneth] [V: sleeps] [ARGM-LOC: in that hut] .,ARGM-LOC,"In that hut, only Kenneth sleeps.","['B-ARGM-LOC', 'I-ARGM-LOC', 'I-ARGM-LOC', 'O', 'B-ARGM-ADJ', 'B-ARG0', 'B-V', 'O']","[ARGM-LOC: In that hut] , [ARGM-ADJ: only] [ARG0: Kenneth] [V: sleeps] .",ARGM-LOC
46,Only Annie sleeps in that cage.,"['B-ARG0', 'I-ARG0', 'B-V', 'B-ARGM-LOC', 'I-ARGM-LOC', 'I-ARGM-LOC', 'O']",[ARG0: Only Annie] [V: sleeps] [ARGM-LOC: in that cage] .,ARGM-LOC,"In that cage, only Annie sleeps.","['B-ARGM-LOC', 'I-ARGM-LOC', 'I-ARGM-LOC', 'O', 'B-ARG0', 'I-ARG0', 'B-V', 'O']","[ARGM-LOC: In that cage] , [ARG0: only Annie] [V: sleeps] .",ARGM-LOC
47,Only Joseph sleeps in that tent.,"['B-ARG0', 'I-ARG0', 'B-V', 'B-ARGM-LOC', 'I-ARGM-LOC', 'I-ARGM-LOC', 'O']",[ARG0: Only Joseph] [V: sleeps] [ARGM-LOC: in that tent] .,ARGM-LOC,"In that tent, only Joseph sleeps.","['B-ARGM-LOC', 'I-ARGM-LOC', 'I-ARGM-LOC', 'O', 'B-ARG0', 'I-ARG0', 'B-V', 'O']","[ARGM-LOC: In that tent] , [ARG0: only Joseph] [V: sleeps] .",ARGM-LOC
48,Only Eric sleeps in that tent.,"['B-ARG0', 'I-ARG0', 'B-V', 'B-ARGM-LOC', 'I-ARGM-LOC', 'I-ARGM-LOC', 'O']",[ARG0: Only Eric] [V: sleeps] [ARGM-LOC: in that tent] .,ARGM-LOC,"In that tent, only Eric sleeps.","['B-ARGM-LOC', 'I-ARGM-LOC', 'I-ARGM-LOC', 'O', 'B-ARGM-ADJ', 'B-ARG0', 'B-V', 'O']","[ARGM-LOC: In that tent] , [ARGM-ADJ: only] [ARG0: Eric] [V: sleeps] .",ARGM-LOC
49,Only Laura sleeps in that cage.,"['B-ARG0', 'I-ARG0', 'B-V', 'B-ARGM-LOC', 'I-ARGM-LOC', 'I-ARGM-LOC', 'O']",[ARG0: Only Laura] [V: sleeps] [ARGM-LOC: in that cage] .,ARGM-LOC,"In that cage, only Laura sleeps.","['B-ARGM-LOC', 'I-ARGM-LOC', 'I-ARGM-LOC', 'O', 'B-ARG0', 'I-ARG0', 'B-V', 'O']","[ARGM-LOC: In that cage] , [ARG0: only Laura] [V: sleeps] .",ARGM-LOC
50,Only Kathryn sleeps in that hut.,"['B-ARG0', 'I-ARG0', 'B-V', 'B-ARGM-LOC', 'I-ARGM-LOC', 'I-ARGM-LOC', 'O']",[ARG0: Only Kathryn] [V: sleeps] [ARGM-LOC: in that hut] .,ARGM-LOC,"In that hut, only Kathryn sleeps.","['B-ARGM-LOC', 'I-ARGM-LOC', 'I-ARGM-LOC', 'O', 'B-ARG0', 'I-ARG0', 'B-V', 'O']","[ARGM-LOC: In that hut] , [ARG0: only Kathryn] [V: sleeps] .",ARGM-LOC
51,Only Jennifer sleeps in that hut.,"['B-ARG0', 'I-ARG0', 'B-V', 'B-ARGM-LOC', 'I-ARGM-LOC', 'I-ARGM-LOC', 'O']",[ARG0: Only Jennifer] [V: sleeps] [ARGM-LOC: in that hut] .,ARGM-LOC,"In that hut, only Jennifer sleeps.","['B-ARGM-LOC', 'I-ARGM-LOC', 'I-ARGM-LOC', 'O', 'B-ARG0', 'I-ARG0', 'B-V', 'O']","[ARGM-LOC: In that hut] , [ARG0: only Jennifer] [V: sleeps] .",ARGM-LOC
52,Only Kenneth sleeps in that tent.,"['B-ARG0', 'I-ARG0', 'B-V', 'B-ARGM-LOC', 'I-ARGM-LOC', 'I-ARGM-LOC', 'O']",[ARG0: Only Kenneth] [V: sleeps] [ARGM-LOC: in that tent] .,ARGM-LOC,"In that tent, only Kenneth sleeps.","['B-ARGM-LOC', 'I-ARGM-LOC', 'I-ARGM-LOC', 'O', 'B-ARGM-ADJ', 'B-ARG0', 'B-V', 'O']","[ARGM-LOC: In that tent] , [ARGM-ADJ: only] [ARG0: Kenneth] [V: sleeps] .",ARGM-LOC
53,Only Kathryn sleeps in that park.,"['B-ARG0', 'I-ARG0', 'B-V', 'B-ARGM-LOC', 'I-ARGM-LOC', 'I-ARGM-LOC', 'O']",[ARG0: Only Kathryn] [V: sleeps] [ARGM-LOC: in that park] .,ARGM-LOC,"In that park, only Kathryn sleeps.","['B-ARGM-LOC', 'I-ARGM-LOC', 'I-ARGM-LOC', 'O', 'B-ARG0', 'I-ARG0', 'B-V', 'O']","[ARGM-LOC: In that park] , [ARG0: only Kathryn] [V: sleeps] .",ARGM-LOC
54,Only Stephanie sleeps in that cage.,"['B-ARG0', 'I-ARG0', 'B-V', 'B-ARGM-LOC', 'I-ARGM-LOC', 'I-ARGM-LOC', 'O']",[ARG0: Only Stephanie] [V: sleeps] [ARGM-LOC: in that cage] .,ARGM-LOC,"In that cage, only Stephanie sleeps.","['B-ARGM-LOC', 'I-ARGM-LOC', 'I-ARGM-LOC', 'O', 'B-ARG0', 'I-ARG0', 'B-V', 'O']","[ARGM-LOC: In that cage] , [ARG0: only Stephanie] [V: sleeps] .",ARGM-LOC
55,Only Martin sleeps in that tent.,"['B-ARG0', 'I-ARG0', 'B-V', 'B-ARGM-LOC', 'I-ARGM-LOC', 'I-ARGM-LOC', 'O']",[ARG0: Only Martin] [V: sleeps] [ARGM-LOC: in that tent] .,ARGM-LOC,"In that tent, only Martin sleeps.","['B-ARGM-LOC', 'I-ARGM-LOC', 'I-ARGM-LOC', 'O', 'B-ARG0', 'I-ARG0', 'B-V', 'O']","[ARGM-LOC: In that tent] , [ARG0: only Martin] [V: sleeps] .",ARGM-LOC
56,Only Billy sleeps in that cage.,"['B-ARG0', 'I-ARG0', 'B-V', 'B-ARGM-LOC', 'I-ARGM-LOC', 'I-ARGM-LOC', 'O']",[ARG0: Only Billy] [V: sleeps] [ARGM-LOC: in that cage] .,ARGM-LOC,"In that cage, only Billy sleeps.","['B-ARGM-LOC', 'I-ARGM-LOC', 'I-ARGM-LOC', 'O', 'B-ARG0', 'I-ARG0', 'B-V', 'O']","[ARGM-LOC: In that cage] , [ARG0: only Billy] [V: sleeps] .",ARGM-LOC
57,Only Billy sleeps in that bed.,"['B-ARG0', 'I-ARG0', 'B-V', 'B-ARGM-LOC', 'I-ARGM-LOC', 'I-ARGM-LOC', 'O']",[ARG0: Only Billy] [V: sleeps] [ARGM-LOC: in that bed] .,ARGM-LOC,"In that bed, only Billy sleeps.","['B-ARGM-LOC', 'I-ARGM-LOC', 'I-ARGM-LOC', 'O', 'B-ARG0', 'I-ARG0', 'B-V', 'O']","[ARGM-LOC: In that bed] , [ARG0: only Billy] [V: sleeps] .",ARGM-LOC
58,Only Bruce sleeps in that park.,"['B-ARG0', 'I-ARG0', 'B-V', 'B-ARGM-LOC', 'I-ARGM-LOC', 'I-ARGM-LOC', 'O']",[ARG0: Only Bruce] [V: sleeps] [ARGM-LOC: in that park] .,ARGM-LOC,"In that park, only Bruce sleeps.","['B-ARGM-LOC', 'I-ARGM-LOC', 'I-ARGM-LOC', 'O', 'B-ARG0', 'I-ARG0', 'B-V', 'O']","[ARGM-LOC: In that park] , [ARG0: only Bruce] [V: sleeps] .",ARGM-LOC
59,Only Lauren sleeps in that park.,"['B-ARG0', 'I-ARG0', 'B-V', 'B-ARGM-LOC', 'I-ARGM-LOC', 'I-ARGM-LOC', 'O']",[ARG0: Only Lauren] [V: sleeps] [ARGM-LOC: in that park] .,ARGM-LOC,"In that park, only Lauren sleeps.","['B-ARGM-LOC', 'I-ARGM-LOC', 'I-ARGM-LOC', 'O', 'B-ARG0', 'I-ARG0', 'B-V', 'O']","[ARGM-LOC: In that park] , [ARG0: only Lauren] [V: sleeps] .",ARGM-LOC
60,Only Lauren sleeps in that bed.,"['B-ARG0', 'I-ARG0', 'B-V', 'B-ARGM-LOC', 'I-ARGM-LOC', 'I-ARGM-LOC', 'O']",[ARG0: Only Lauren] [V: sleeps] [ARGM-LOC: in that bed] .,ARGM-LOC,"In that bed, only Lauren sleeps.","['B-ARGM-LOC', 'I-ARGM-LOC', 'I-ARGM-LOC', 'O', 'B-ARG0', 'I-ARG0', 'B-V', 'O']","[ARGM-LOC: In that bed] , [ARG0: only Lauren] [V: sleeps] .",ARGM-LOC
61,Only Marie sleeps in that tent.,"['B-ARG0', 'I-ARG0', 'B-V', 'B-ARGM-LOC', 'I-ARGM-LOC', 'I-ARGM-LOC', 'O']",[ARG0: Only Marie] [V: sleeps] [ARGM-LOC: in that tent] .,ARGM-LOC,"In that tent, only Marie sleeps.","['B-ARGM-LOC', 'I-ARGM-LOC', 'I-ARGM-LOC', 'O', 'B-ARG0', 'I-ARG0', 'B-V', 'O']","[ARGM-LOC: In that tent] , [ARG0: only Marie] [V: sleeps] .",ARGM-LOC
62,Only John sleeps in that park.,"['B-ARG0', 'I-ARG0', 'B-V', 'B-ARGM-LOC', 'I-ARGM-LOC', 'I-ARGM-LOC', 'O']",[ARG0: Only John] [V: sleeps] [ARGM-LOC: in that park] .,ARGM-LOC,"In that park, only John sleeps.","['B-ARGM-LOC', 'I-ARGM-LOC', 'I-ARGM-LOC', 'O', 'B-ARG0', 'I-ARG0', 'B-V', 'O']","[ARGM-LOC: In that park] , [ARG0: only John] [V: sleeps] .",ARGM-LOC
63,Only Charlotte sleeps in that bed.,"['B-ARG0', 'I-ARG0', 'B-V', 'B-ARGM-LOC', 'I-ARGM-LOC', 'I-ARGM-LOC', 'O']",[ARG0: Only Charlotte] [V: sleeps] [ARGM-LOC: in that bed] .,ARGM-LOC,"In that bed, only Charlotte sleeps.","['B-ARGM-LOC', 'I-ARGM-LOC', 'I-ARGM-LOC', 'O', 'B-ARG0', 'I-ARG0', 'B-V', 'O']","[ARGM-LOC: In that bed] , [ARG0: only Charlotte] [V: sleeps] .",ARGM-LOC
64,Only Elaine sleeps in that bed.,"['B-ARG0', 'I-ARG0', 'B-V', 'B-ARGM-LOC', 'I-ARGM-LOC', 'I-ARGM-LOC', 'O']",[ARG0: Only Elaine] [V: sleeps] [ARGM-LOC: in that bed] .,ARGM-LOC,"In that bed, only Elaine sleeps.","['B-ARGM-LOC', 'I-ARGM-LOC', 'I-ARGM-LOC', 'O', 'B-ARG0', 'I-ARG0', 'B-V', 'O']","[ARGM-LOC: In that bed] , [ARG0: only Elaine] [V: sleeps] .",ARGM-LOC
65,Only Anne sleeps in that hut.,"['B-ARG0', 'I-ARG0', 'B-V', 'B-ARGM-LOC', 'I-ARGM-LOC', 'I-ARGM-LOC', 'O']",[ARG0: Only Anne] [V: sleeps] [ARGM-LOC: in that hut] .,ARGM-LOC,"In that hut, only Anne sleeps.","['B-ARGM-LOC', 'I-ARGM-LOC', 'I-ARGM-LOC', 'O', 'B-ARG0', 'I-ARG0', 'B-V', 'O']","[ARGM-LOC: In that hut] , [ARG0: only Anne] [V: sleeps] .",ARGM-LOC
66,Only Rebecca sleeps in that hut.,"['B-ARG0', 'I-ARG0', 'B-V', 'B-ARGM-MNR', 'I-ARGM-MNR', 'I-ARGM-MNR', 'O']",[ARG0: Only Rebecca] [V: sleeps] [ARGM-MNR: in that hut] .,ARGM-MNR,"In that hut, only Rebecca sleeps.","['B-ARGM-LOC', 'I-ARGM-LOC', 'I-ARGM-LOC', 'O', 'B-ARG0', 'I-ARG0', 'B-V', 'O']","[ARGM-LOC: In that hut] , [ARG0: only Rebecca] [V: sleeps] .",ARGM-LOC
67,Only Scott sleeps in that cage.,"['B-ARG0', 'I-ARG0', 'B-V', 'B-ARGM-LOC', 'I-ARGM-LOC', 'I-ARGM-LOC', 'O']",[ARG0: Only Scott] [V: sleeps] [ARGM-LOC: in that cage] .,ARGM-LOC,"In that cage, only Scott sleeps.","['B-ARGM-LOC', 'I-ARGM-LOC', 'I-ARGM-LOC', 'O', 'B-ARG0', 'I-ARG0', 'B-V', 'O']","[ARGM-LOC: In that cage] , [ARG0: only Scott] [V: sleeps] .",ARGM-LOC
68,Only Ken sleeps in that bed.,"['B-ARG0', 'I-ARG0', 'B-V', 'B-ARGM-LOC', 'I-ARGM-LOC', 'I-ARGM-LOC', 'O']",[ARG0: Only Ken] [V: sleeps] [ARGM-LOC: in that bed] .,ARGM-LOC,"In that bed, only Ken sleeps.","['B-ARGM-LOC', 'I-ARGM-LOC', 'I-ARGM-LOC', 'O', 'B-ARG0', 'I-ARG0', 'B-V', 'O']","[ARGM-LOC: In that bed] , [ARG0: only Ken] [V: sleeps] .",ARGM-LOC
69,Only Wendy sleeps in that park.,"['B-ARG0', 'I-ARG0', 'B-V', 'B-ARGM-LOC', 'I-ARGM-LOC', 'I-ARGM-LOC', 'O']",[ARG0: Only Wendy] [V: sleeps] [ARGM-LOC: in that park] .,ARGM-LOC,"In that park, only Wendy sleeps.","['B-ARGM-LOC', 'I-ARGM-LOC', 'I-ARGM-LOC', 'O', 'B-ARG0', 'I-ARG0', 'B-V', 'O']","[ARGM-LOC: In that park] , [ARG0: only Wendy] [V: sleeps] .",ARGM-LOC
70,Only Johnny sleeps in that hut.,"['B-ARG0', 'I-ARG0', 'B-V', 'B-ARGM-LOC', 'I-ARGM-LOC', 'I-ARGM-LOC', 'O']",[ARG0: Only Johnny] [V: sleeps] [ARGM-LOC: in that hut] .,ARGM-LOC,"In that hut, only Johnny sleeps.","['B-ARGM-LOC', 'I-ARGM-LOC', 'I-ARGM-LOC', 'O', 'B-ARG0', 'I-ARG0', 'B-V', 'O']","[ARGM-LOC: In that hut] , [ARG0: only Johnny] [V: sleeps] .",ARGM-LOC
71,Only Bob sleeps in that tent.,"['B-ARG0', 'I-ARG0', 'B-V', 'B-ARGM-LOC', 'I-ARGM-LOC', 'I-ARGM-LOC', 'O']",[ARG0: Only Bob] [V: sleeps] [ARGM-LOC: in that tent] .,ARGM-LOC,"In that tent, only Bob sleeps.","['B-ARGM-LOC', 'I-ARGM-LOC', 'I-ARGM-LOC', 'O', 'B-ARG0', 'I-ARG0', 'B-V', 'O']","[ARGM-LOC: In that tent] , [ARG0: only Bob] [V: sleeps] .",ARGM-LOC
72,Only Colin sleeps in that bed.,"['B-ARG0', 'I-ARG0', 'B-V', 'B-ARGM-LOC', 'I-ARGM-LOC', 'I-ARGM-LOC', 'O']",[ARG0: Only Colin] [V: sleeps] [ARGM-LOC: in that bed] .,ARGM-LOC,"In that bed, only Colin sleeps.","['B-ARGM-LOC', 'I-ARGM-LOC', 'I-ARGM-LOC', 'O', 'B-ARG0', 'I-ARG0', 'B-V', 'O']","[ARGM-LOC: In that bed] , [ARG0: only Colin] [V: sleeps] .",ARGM-LOC
73,Only Julia sleeps in that hut.,"['B-ARG0', 'I-ARG0', 'B-V', 'B-ARGM-LOC', 'I-ARGM-LOC', 'I-ARGM-LOC', 'O']",[ARG0: Only Julia] [V: sleeps] [ARGM-LOC: in that hut] .,ARGM-LOC,"In that hut, only Julia sleeps.","['B-ARGM-LOC', 'I-ARGM-LOC', 'I-ARGM-LOC', 'O', 'B-ARG0', 'I-ARG0', 'B-V', 'O']","[ARGM-LOC: In that hut] , [ARG0: only Julia] [V: sleeps] .",ARGM-LOC
74,Only Joe sleeps in that bed.,"['B-ARG0', 'I-ARG0', 'B-V', 'B-ARGM-LOC', 'I-ARGM-LOC', 'I-ARGM-LOC', 'O']",[ARG0: Only Joe] [V: sleeps] [ARGM-LOC: in that bed] .,ARGM-LOC,"In that bed, only Joe sleeps.","['B-ARGM-LOC', 'I-ARGM-LOC', 'I-ARGM-LOC', 'O', 'B-ARG0', 'I-ARG0', 'B-V', 'O']","[ARGM-LOC: In that bed] , [ARG0: only Joe] [V: sleeps] .",ARGM-LOC
75,Only Henry sleeps in that park.,"['B-ARG0', 'I-ARG0', 'B-V', 'B-ARGM-LOC', 'I-ARGM-LOC', 'I-ARGM-LOC', 'O']",[ARG0: Only Henry] [V: sleeps] [ARGM-LOC: in that park] .,ARGM-LOC,"In that park, only Henry sleeps.","['B-ARGM-LOC', 'I-ARGM-LOC', 'I-ARGM-LOC', 'O', 'B-ARG0', 'I-ARG0', 'B-V', 'O']","[ARGM-LOC: In that park] , [ARG0: only Henry] [V: sleeps] .",ARGM-LOC
76,Only Margaret sleeps in that bed.,"['B-ARG0', 'I-ARG0', 'B-V', 'B-ARGM-LOC', 'I-ARGM-LOC', 'I-ARGM-LOC', 'O']",[ARG0: Only Margaret] [V: sleeps] [ARGM-LOC: in that bed] .,ARGM-LOC,"In that bed, only Margaret sleeps.","['B-ARGM-LOC', 'I-ARGM-LOC', 'I-ARGM-LOC', 'O', 'B-ARG0', 'I-ARG0', 'B-V', 'O']","[ARGM-LOC: In that bed] , [ARG0: only Margaret] [V: sleeps] .",ARGM-LOC
77,Only Sharon sleeps in that bed.,"['B-ARG0', 'I-ARG0', 'B-V', 'B-ARGM-LOC', 'I-ARGM-LOC', 'I-ARGM-LOC', 'O']",[ARG0: Only Sharon] [V: sleeps] [ARGM-LOC: in that bed] .,ARGM-LOC,"In that bed, only Sharon sleeps.","['B-ARGM-LOC', 'I-ARGM-LOC', 'I-ARGM-LOC', 'O', 'B-ARGM-ADJ', 'B-ARG0', 'B-V', 'O']","[ARGM-LOC: In that bed] , [ARGM-ADJ: only] [ARG0: Sharon] [V: sleeps] .",ARGM-LOC
78,Only Victoria sleeps in that bed.,"['B-ARG0', 'I-ARG0', 'B-V', 'B-ARGM-LOC', 'I-ARGM-LOC', 'I-ARGM-LOC', 'O']",[ARG0: Only Victoria] [V: sleeps] [ARGM-LOC: in that bed] .,ARGM-LOC,"In that bed, only Victoria sleeps.","['B-ARGM-LOC', 'I-ARGM-LOC', 'I-ARGM-LOC', 'O', 'B-ARG0', 'I-ARG0', 'B-V', 'O']","[ARGM-LOC: In that bed] , [ARG0: only Victoria] [V: sleeps] .",ARGM-LOC
79,Only Kathy sleeps in that hut.,"['B-ARGM-MNR', 'B-ARGM-MNR', 'B-V', 'B-ARGM-LOC', 'I-ARGM-LOC', 'I-ARGM-LOC', 'O']",[ARGM-MNR: Only] [ARGM-MNR: Kathy] [V: sleeps] [ARGM-LOC: in that hut] .,ARGM-LOC,"In that hut, only Kathy sleeps.","['B-ARGM-LOC', 'I-ARGM-LOC', 'I-ARGM-LOC', 'O', 'B-ARGM-ADV', 'B-ARGM-MNR', 'B-V', 'O']","[ARGM-LOC: In that hut] , [ARGM-ADV: only] [ARGM-MNR: Kathy] [V: sleeps] .",ARGM-LOC
80,Only Harold sleeps in that hut.,"['B-ARG0', 'I-ARG0', 'B-V', 'B-ARGM-LOC', 'I-ARGM-LOC', 'I-ARGM-LOC', 'O']",[ARG0: Only Harold] [V: sleeps] [ARGM-LOC: in that hut] .,ARGM-LOC,"In that hut, only Harold sleeps.","['B-ARGM-LOC', 'I-ARGM-LOC', 'I-ARGM-LOC', 'O', 'B-ARG0', 'I-ARG0', 'B-V', 'O']","[ARGM-LOC: In that hut] , [ARG0: only Harold] [V: sleeps] .",ARGM-LOC
81,Only Louis sleeps in that tent.,"['B-ARG0', 'I-ARG0', 'B-V', 'B-ARGM-LOC', 'I-ARGM-LOC', 'I-ARGM-LOC', 'O']",[ARG0: Only Louis] [V: sleeps] [ARGM-LOC: in that tent] .,ARGM-LOC,"In that tent, only Louis sleeps.",[],[],ssed_verb
82,Only Matt sleeps in that hut.,"['B-ARG0', 'I-ARG0', 'B-V', 'B-ARGM-LOC', 'I-ARGM-LOC', 'I-ARGM-LOC', 'O']",[ARG0: Only Matt] [V: sleeps] [ARGM-LOC: in that hut] .,ARGM-LOC,"In that hut, only Matt sleeps.","['B-ARGM-LOC', 'I-ARGM-LOC', 'I-ARGM-LOC', 'O', 'B-ARG0', 'I-ARG0', 'B-V', 'O']","[ARGM-LOC: In that hut] , [ARG0: only Matt] [V: sleeps] .",ARGM-LOC
83,Only Kathy sleeps in that cage.,"['B-ARGM-MNR', 'B-ARGM-MNR', 'B-V', 'B-ARGM-LOC', 'I-ARGM-LOC', 'I-ARGM-LOC', 'O']",[ARGM-MNR: Only] [ARGM-MNR: Kathy] [V: sleeps] [ARGM-LOC: in that cage] .,ARGM-LOC,"In that cage, only Kathy sleeps.","['B-ARGM-LOC', 'I-ARGM-LOC', 'I-ARGM-LOC', 'O', 'B-ARGM-ADV', 'B-ARGM-MNR', 'B-V', 'O']","[ARGM-LOC: In that cage] , [ARGM-ADV: only] [ARGM-MNR: Kathy] [V: sleeps] .",ARGM-LOC
84,Only Harriet sleeps in that hut.,"['B-ARG0', 'I-ARG0', 'B-V', 'B-ARGM-LOC', 'I-ARGM-LOC', 'I-ARGM-LOC', 'O']",[ARG0: Only Harriet] [V: sleeps] [ARGM-LOC: in that hut] .,ARGM-LOC,"In that hut, only Harriet sleeps.",[],[],ssed_verb
85,Only Dick sleeps in that cage.,"['B-ARG0', 'I-ARG0', 'B-V', 'B-ARGM-LOC', 'I-ARGM-LOC', 'I-ARGM-LOC', 'O']",[ARG0: Only Dick] [V: sleeps] [ARGM-LOC: in that cage] .,ARGM-LOC,"In that cage, only Dick sleeps.","['B-ARGM-LOC', 'I-ARGM-LOC', 'I-ARGM-LOC', 'O', 'B-ARG0', 'I-ARG0', 'B-V', 'O']","[ARGM-LOC: In that cage] , [ARG0: only Dick] [V: sleeps] .",ARGM-LOC
86,Only Catherine sleeps in that bed.,"['B-ARG0', 'I-ARG0', 'B-V', 'B-ARGM-LOC', 'I-ARGM-LOC', 'I-ARGM-LOC', 'O']",[ARG0: Only Catherine] [V: sleeps] [ARGM-LOC: in that bed] .,ARGM-LOC,"In that bed, only Catherine sleeps.","['B-ARGM-LOC', 'I-ARGM-LOC', 'I-ARGM-LOC', 'O', 'B-ARG0', 'I-ARG0', 'B-V', 'O']","[ARGM-LOC: In that bed] , [ARG0: only Catherine] [V: sleeps] .",ARGM-LOC
87,Only Jennifer sleeps in that bed.,"['B-ARG0', 'I-ARG0', 'B-V', 'B-ARGM-LOC', 'I-ARGM-LOC', 'I-ARGM-LOC', 'O']",[ARG0: Only Jennifer] [V: sleeps] [ARGM-LOC: in that bed] .,ARGM-LOC,"In that bed, only Jennifer sleeps.","['B-ARGM-LOC', 'I-ARGM-LOC', 'I-ARGM-LOC', 'O', 'B-ARG0', 'I-ARG0', 'B-V', 'O']","[ARGM-LOC: In that bed] , [ARG0: only Jennifer] [V: sleeps] .",ARGM-LOC
88,Only Benjamin sleeps in that cage.,"['B-ARG0', 'I-ARG0', 'B-V', 'B-ARGM-LOC', 'I-ARGM-LOC', 'I-ARGM-LOC', 'O']",[ARG0: Only Benjamin] [V: sleeps] [ARGM-LOC: in that cage] .,ARGM-LOC,"In that cage, only Benjamin sleeps.","['B-ARGM-LOC', 'I-ARGM-LOC', 'I-ARGM-LOC', 'O', 'B-ARG0', 'I-ARG0', 'B-V', 'O']","[ARGM-LOC: In that cage] , [ARG0: only Benjamin] [V: sleeps] .",ARGM-LOC
89,Only Daniel sleeps in that park.,"['B-ARG0', 'I-ARG0', 'B-V', 'B-ARGM-LOC', 'I-ARGM-LOC', 'I-ARGM-LOC', 'O']",[ARG0: Only Daniel] [V: sleeps] [ARGM-LOC: in that park] .,ARGM-LOC,"In that park, only Daniel sleeps.","['B-ARGM-LOC', 'I-ARGM-LOC', 'I-ARGM-LOC', 'O', 'B-ARG0', 'I-ARG0', 'B-V', 'O']","[ARGM-LOC: In that park] , [ARG0: only Daniel] [V: sleeps] .",ARGM-LOC
90,Only Jerry sleeps in that cage.,"['B-ARG0', 'I-ARG0', 'B-V', 'B-ARGM-LOC', 'I-ARGM-LOC', 'I-ARGM-LOC', 'O']",[ARG0: Only Jerry] [V: sleeps] [ARGM-LOC: in that cage] .,ARGM-LOC,"In that cage, only Jerry sleeps.","['B-ARGM-LOC', 'I-ARGM-LOC', 'I-ARGM-LOC', 'O', 'B-ARGM-ADV', 'B-ARGM-EXT', 'B-V', 'O']","[ARGM-LOC: In that cage] , [ARGM-ADV: only] [ARGM-EXT: Jerry] [V: sleeps] .",ARGM-LOC
91,Only Scott sleeps in that park.,"['B-ARG0', 'I-ARG0', 'B-V', 'B-ARGM-LOC', 'I-ARGM-LOC', 'I-ARGM-LOC', 'O']",[ARG0: Only Scott] [V: sleeps] [ARGM-LOC: in that park] .,ARGM-LOC,"In that park, only Scott sleeps.","['B-ARGM-LOC', 'I-ARGM-LOC', 'I-ARGM-LOC', 'O', 'B-ARG0', 'I-ARG0', 'B-V', 'O']","[ARGM-LOC: In that park] , [ARG0: only Scott] [V: sleeps] .",ARGM-LOC
92,Only Andrea sleeps in that bed.,"['B-ARG0', 'I-ARG0', 'B-V', 'B-ARGM-LOC', 'I-ARGM-LOC', 'I-ARGM-LOC', 'O']",[ARG0: Only Andrea] [V: sleeps] [ARGM-LOC: in that bed] .,ARGM-LOC,"In that bed, only Andrea sleeps.","['B-ARGM-LOC', 'I-ARGM-LOC', 'I-ARGM-LOC', 'O', 'B-ARGM-EXT', 'B-ARG0', 'B-V', 'O']","[ARGM-LOC: In that bed] , [ARGM-EXT: only] [ARG0: Andrea] [V: sleeps] .",ARGM-LOC
93,Only Dorothy sleeps in that bed.,"['B-ARG0', 'I-ARG0', 'B-V', 'B-ARGM-LOC', 'I-ARGM-LOC', 'I-ARGM-LOC', 'O']",[ARG0: Only Dorothy] [V: sleeps] [ARGM-LOC: in that bed] .,ARGM-LOC,"In that bed, only Dorothy sleeps.",[],[],ssed_verb
94,Only Ruth sleeps in that cage.,"['B-ARG0', 'I-ARG0', 'B-V', 'B-ARGM-LOC', 'I-ARGM-LOC', 'I-ARGM-LOC', 'O']",[ARG0: Only Ruth] [V: sleeps] [ARGM-LOC: in that cage] .,ARGM-LOC,"In that cage, only Ruth sleeps.",[],[],ssed_verb
95,Only Heather sleeps in that park.,"['B-ARG0', 'I-ARG0', 'B-V', 'B-ARGM-LOC', 'I-ARGM-LOC', 'I-ARGM-LOC', 'O']",[ARG0: Only Heather] [V: sleeps] [ARGM-LOC: in that park] .,ARGM-LOC,"In that park, only Heather sleeps.","['B-ARGM-LOC', 'I-ARGM-LOC', 'I-ARGM-LOC', 'O', 'B-ARG0', 'I-ARG0', 'B-V', 'O']","[ARGM-LOC: In that park] , [ARG0: only Heather] [V: sleeps] .",ARGM-LOC
96,Only Joe sleeps in that cage.,"['B-ARG0', 'I-ARG0', 'B-V', 'B-ARGM-LOC', 'I-ARGM-LOC', 'I-ARGM-LOC', 'O']",[ARG0: Only Joe] [V: sleeps] [ARGM-LOC: in that cage] .,ARGM-LOC,"In that cage, only Joe sleeps.","['B-ARGM-LOC', 'I-ARGM-LOC', 'I-ARGM-LOC', 'O', 'B-ARG0', 'I-ARG0', 'B-V', 'O']","[ARGM-LOC: In that cage] , [ARG0: only Joe] [V: sleeps] .",ARGM-LOC
97,Only Kevin sleeps in that bed.,"['B-ARG0', 'I-ARG0', 'B-V', 'B-ARGM-LOC', 'I-ARGM-LOC', 'I-ARGM-LOC', 'O']",[ARG0: Only Kevin] [V: sleeps] [ARGM-LOC: in that bed] .,ARGM-LOC,"In that bed, only Kevin sleeps.","['B-ARGM-LOC', 'I-ARGM-LOC', 'I-ARGM-LOC', 'O', 'B-ARG0', 'I-ARG0', 'B-V', 'O']","[ARGM-LOC: In that bed] , [ARG0: only Kevin] [V: sleeps] .",ARGM-LOC
98,Only Donald sleeps in that bed.,"['B-ARG0', 'I-ARG0', 'B-V', 'B-ARGM-LOC', 'I-ARGM-LOC', 'I-ARGM-LOC', 'O']",[ARG0: Only Donald] [V: sleeps] [ARGM-LOC: in that bed] .,ARGM-LOC,"In that bed, only Donald sleeps.","['B-ARGM-LOC', 'I-ARGM-LOC', 'I-ARGM-LOC', 'O', 'B-ARG0', 'I-ARG0', 'B-V', 'O']","[ARGM-LOC: In that bed] , [ARG0: only Donald] [V: sleeps] .",ARGM-LOC
99,Only Matthew sleeps in that bed.,"['B-ARG0', 'I-ARG0', 'B-V', 'B-ARGM-LOC', 'I-ARGM-LOC', 'I-ARGM-LOC', 'O']",[ARG0: Only Matthew] [V: sleeps] [ARGM-LOC: in that bed] .,ARGM-LOC,"In that bed, only Matthew sleeps.","['B-ARGM-LOC', 'I-ARGM-LOC', 'I-ARGM-LOC', 'O', 'B-ARG0', 'B-ARG0', 'B-V', 'O']","[ARGM-LOC: In that bed] , [ARG0: only] [ARG0: Matthew] [V: sleeps] .",ARGM-LOC
